id,name,sku,category,price,quantity,min_stock_level,reorder_point,safety_stock,created_at,updated_at
1,Almost Eye,SKU00001,Section,190.4,358,19,81,9,2025-11-02 19:07:37.400309,2025-11-02 19:07:37.400311
2,Off Oil,SKU00002,Past,225.69,224,15,84,6,2025-11-02 19:07:37.400374,2025-11-02 19:07:37.400375
3,Development Economy,SKU00003,Identify,75.72,140,26,62,4,2025-11-02 19:07:37.400428,2025-11-02 19:07:37.400428
4,Experience Place,SKU00004,Safe,362.39,423,42,11,3,2025-11-02 19:07:37.400478,2025-11-02 19:07:37.400479
5,Writer Hundred,SKU00005,Create,155.6,31,48,98,19,2025-11-02 19:07:37.400529,2025-11-02 19:07:37.400530
6,Of Magazine,SKU00006,Current,264.76,179,32,69,18,2025-11-02 19:07:37.400580,2025-11-02 19:07:37.400580
7,Open Their,SKU00007,Site,120.22,455,48,64,5,2025-11-02 19:07:37.400629,2025-11-02 19:07:37.400629
8,Sport Police,SKU00008,Know,430.67,144,25,82,9,2025-11-02 19:07:37.400689,2025-11-02 19:07:37.400690
9,Air Unit,SKU00009,Data,11.57,98,18,18,4,2025-11-02 19:07:37.400740,2025-11-02 19:07:37.400741
10,Attack Strong,SKU00010,Stage,343.7,376,11,53,10,2025-11-02 19:07:37.400789,2025-11-02 19:07:37.400789
11,Statement Trial,SKU00011,Sea,22.02,215,21,45,10,2025-11-02 19:07:37.400836,2025-11-02 19:07:37.400837
12,Morning House,SKU00012,Grow,378.9,399,46,13,14,2025-11-02 19:07:37.400885,2025-11-02 19:07:37.400886
13,Open It,SKU00013,Whatever,470.05,455,40,23,18,2025-11-02 19:07:37.400933,2025-11-02 19:07:37.400933
14,But Evening,SKU00014,Democratic,166.64,471,27,71,10,2025-11-02 19:07:37.400981,2025-11-02 19:07:37.400981
15,House Mind,SKU00015,Current,423.04,246,22,62,15,2025-11-02 19:07:37.401028,2025-11-02 19:07:37.401029
16,Able Often,SKU00016,Trial,74.76,24,49,74,9,2025-11-02 19:07:37.401075,2025-11-02 19:07:37.401076
17,Hot Network,SKU00017,Course,214.58,138,48,17,13,2025-11-02 19:07:37.401135,2025-11-02 19:07:37.401136
18,Staff Improve,SKU00018,Both,103.43,401,39,44,3,2025-11-02 19:07:37.401188,2025-11-02 19:07:37.401188
19,Executive Board,SKU00019,Message,304.95,499,43,50,9,2025-11-02 19:07:37.401236,2025-11-02 19:07:37.401237
20,Work Purpose,SKU00020,Tonight,425.77,277,38,42,18,2025-11-02 19:07:37.401283,2025-11-02 19:07:37.401284
21,Doctor Especially,SKU00021,Baby,188.56,71,28,46,5,2025-11-02 19:07:37.401330,2025-11-02 19:07:37.401331
22,Hospital Week,SKU00022,Exactly,297.69,223,31,44,3,2025-11-02 19:07:37.401377,2025-11-02 19:07:37.401377
23,Know Would,SKU00023,Full,194.55,440,18,12,3,2025-11-02 19:07:37.401423,2025-11-02 19:07:37.401424
24,Push Truth,SKU00024,Position,362.26,264,18,36,11,2025-11-02 19:07:37.401469,2025-11-02 19:07:37.401470
25,Real Look,SKU00025,Spring,356.78,355,46,86,9,2025-11-02 19:07:37.401515,2025-11-02 19:07:37.401516
26,Fast Total,SKU00026,Open,240.31,105,8,32,9,2025-11-02 19:07:37.401562,2025-11-02 19:07:37.401562
27,Yeah Easy,SKU00027,Young,208.14,180,33,45,15,2025-11-02 19:07:37.401609,2025-11-02 19:07:37.401609
28,Ten Pattern,SKU00028,Score,43.11,196,26,37,4,2025-11-02 19:07:37.401655,2025-11-02 19:07:37.401655
29,Debate With,SKU00029,Her,314.06,71,10,37,14,2025-11-02 19:07:37.401712,2025-11-02 19:07:37.401713
30,Direction Listen,SKU00030,Bank,97.35,295,15,98,9,2025-11-02 19:07:37.401759,2025-11-02 19:07:37.401760
31,Expect Charge,SKU00031,Between,453.88,394,31,71,15,2025-11-02 19:07:37.401806,2025-11-02 19:07:37.401807
32,Eat Special,SKU00032,Environment,431.06,368,10,81,11,2025-11-02 19:07:37.401853,2025-11-02 19:07:37.401854
33,What Alone,SKU00033,Similar,244.99,234,46,53,17,2025-11-02 19:07:37.401899,2025-11-02 19:07:37.401900
34,Opportunity Form,SKU00034,Machine,88.3,169,36,97,11,2025-11-02 19:07:37.401946,2025-11-02 19:07:37.401947
35,Economic Open,SKU00035,Our,204.9,327,16,48,4,2025-11-02 19:07:37.401992,2025-11-02 19:07:37.401993
36,Region Situation,SKU00036,Among,357.57,110,21,68,19,2025-11-02 19:07:37.402038,2025-11-02 19:07:37.402038
37,Success Level,SKU00037,Instead,488.42,229,27,10,4,2025-11-02 19:07:37.402084,2025-11-02 19:07:37.402084
38,Bit Painting,SKU00038,Everyone,267.81,227,36,79,6,2025-11-02 19:07:37.402137,2025-11-02 19:07:37.402137
39,Action Respond,SKU00039,Teacher,45.02,193,21,47,7,2025-11-02 19:07:37.402183,2025-11-02 19:07:37.402184
40,Sit Wall,SKU00040,His,317.99,207,26,20,18,2025-11-02 19:07:37.402229,2025-11-02 19:07:37.402230
41,Team Every,SKU00041,Trouble,400.18,210,10,89,5,2025-11-02 19:07:37.402275,2025-11-02 19:07:37.402276
42,Matter Race,SKU00042,Paper,297.49,452,40,28,5,2025-11-02 19:07:37.402322,2025-11-02 19:07:37.402322
43,Avoid Especially,SKU00043,Window,405.7,157,36,80,11,2025-11-02 19:07:37.402368,2025-11-02 19:07:37.402368
44,Sense Give,SKU00044,Grow,347.01,137,43,91,10,2025-11-02 19:07:37.402413,2025-11-02 19:07:37.402414
45,Serious Enough,SKU00045,Us,73.07,485,29,59,12,2025-11-02 19:07:37.402460,2025-11-02 19:07:37.402460
46,Produce Sea,SKU00046,Who,132.68,261,20,99,18,2025-11-02 19:07:37.402506,2025-11-02 19:07:37.402506
47,Nothing Life,SKU00047,Crime,279.82,69,6,10,18,2025-11-02 19:07:37.402552,2025-11-02 19:07:37.402552
48,Attention Painting,SKU00048,Without,482.88,462,41,41,11,2025-11-02 19:07:37.402598,2025-11-02 19:07:37.402598
49,Finish Role,SKU00049,Act,143.04,156,20,12,3,2025-11-02 19:07:37.402644,2025-11-02 19:07:37.402645
50,Last Computer,SKU00050,Official,322.81,84,12,45,8,2025-11-02 19:07:37.402700,2025-11-02 19:07:37.402701
51,Role Fact,SKU00051,Staff,336.15,263,39,98,5,2025-11-02 19:07:37.402748,2025-11-02 19:07:37.402748
52,Analysis He,SKU00052,Chair,486.96,411,22,75,5,2025-11-02 19:07:37.402795,2025-11-02 19:07:37.402795
53,Already Politics,SKU00053,Window,327.72,178,40,42,6,2025-11-02 19:07:37.402841,2025-11-02 19:07:37.402842
54,Every Note,SKU00054,Grow,122.44,286,24,17,9,2025-11-02 19:07:37.402888,2025-11-02 19:07:37.402889
55,Table Read,SKU00055,Imagine,361.87,137,37,57,14,2025-11-02 19:07:37.402934,2025-11-02 19:07:37.402934
56,Shake Word,SKU00056,The,256.86,479,26,39,8,2025-11-02 19:07:37.402983,2025-11-02 19:07:37.402984
57,Spring Try,SKU00057,Language,489.55,60,12,36,4,2025-11-02 19:07:37.403029,2025-11-02 19:07:37.403030
58,Will Quality,SKU00058,Your,178.29,106,32,73,3,2025-11-02 19:07:37.403077,2025-11-02 19:07:37.403077
59,Tough Team,SKU00059,Medical,101.65,326,23,13,5,2025-11-02 19:07:37.403131,2025-11-02 19:07:37.403131
60,Amount Century,SKU00060,Whether,385.43,26,48,39,16,2025-11-02 19:07:37.403179,2025-11-02 19:07:37.403179
61,Guy Argue,SKU00061,Edge,457.86,108,45,46,19,2025-11-02 19:07:37.403225,2025-11-02 19:07:37.403225
62,However Dog,SKU00062,White,278.62,104,39,69,3,2025-11-02 19:07:37.403271,2025-11-02 19:07:37.403271
63,Produce Home,SKU00063,Defense,42.3,262,25,41,3,2025-11-02 19:07:37.403317,2025-11-02 19:07:37.403317
64,Arrive Would,SKU00064,Suddenly,161.88,137,22,34,12,2025-11-02 19:07:37.403363,2025-11-02 19:07:37.403363
65,Human Claim,SKU00065,Event,468.4,67,7,55,17,2025-11-02 19:07:37.403409,2025-11-02 19:07:37.403409
66,Size Bad,SKU00066,Agency,495.08,459,31,11,19,2025-11-02 19:07:37.403456,2025-11-02 19:07:37.403456
67,Area Reflect,SKU00067,Family,425.09,402,47,57,9,2025-11-02 19:07:37.403501,2025-11-02 19:07:37.403502
68,Can Education,SKU00068,Sense,150.33,256,30,59,15,2025-11-02 19:07:37.403548,2025-11-02 19:07:37.403548
69,Suddenly Rise,SKU00069,Result,45.39,400,40,54,3,2025-11-02 19:07:37.403594,2025-11-02 19:07:37.403594
70,Near Yourself,SKU00070,Member,40.12,409,18,85,17,2025-11-02 19:07:37.403641,2025-11-02 19:07:37.403641
71,Interview Accept,SKU00071,Establish,190.91,331,36,96,19,2025-11-02 19:07:37.403697,2025-11-02 19:07:37.403697
72,Either Describe,SKU00072,Method,23.49,335,19,63,13,2025-11-02 19:07:37.403745,2025-11-02 19:07:37.403745
73,Vote For,SKU00073,Might,67.89,490,12,62,14,2025-11-02 19:07:37.403792,2025-11-02 19:07:37.403792
74,Conference Perhaps,SKU00074,Development,482.8,112,8,15,15,2025-11-02 19:07:37.403837,2025-11-02 19:07:37.403838
75,Teacher Can,SKU00075,Hundred,101.22,359,39,64,10,2025-11-02 19:07:37.403884,2025-11-02 19:07:37.403884
76,Themselves Whether,SKU00076,Agree,364.42,278,46,39,19,2025-11-02 19:07:37.403930,2025-11-02 19:07:37.403930
77,Look Environment,SKU00077,Single,202.42,284,32,67,7,2025-11-02 19:07:37.404172,2025-11-02 19:07:37.404174
78,Still Involve,SKU00078,Memory,96.25,327,27,18,14,2025-11-02 19:07:37.404266,2025-11-02 19:07:37.404267
79,Have Town,SKU00079,Light,207.43,67,5,43,18,2025-11-02 19:07:37.404316,2025-11-02 19:07:37.404316
80,Fear Catch,SKU00080,Low,95.52,246,5,25,9,2025-11-02 19:07:37.404363,2025-11-02 19:07:37.404364
81,Street Control,SKU00081,Able,330.27,78,26,76,14,2025-11-02 19:07:37.404410,2025-11-02 19:07:37.404411
82,Degree Full,SKU00082,Phone,285.19,444,41,95,16,2025-11-02 19:07:37.404457,2025-11-02 19:07:37.404458
83,Research Seat,SKU00083,Option,50.44,56,34,71,7,2025-11-02 19:07:37.404504,2025-11-02 19:07:37.404504
84,Crime Father,SKU00084,History,239.72,227,30,57,9,2025-11-02 19:07:37.404550,2025-11-02 19:07:37.404551
85,Skill Wear,SKU00085,Certainly,176.42,263,34,32,12,2025-11-02 19:07:37.404597,2025-11-02 19:07:37.404597
86,Manager Class,SKU00086,Race,474.83,109,38,61,12,2025-11-02 19:07:37.404644,2025-11-02 19:07:37.404644
87,Case Direction,SKU00087,Measure,314.8,451,36,10,7,2025-11-02 19:07:37.404708,2025-11-02 19:07:37.404708
88,Choose Knowledge,SKU00088,Training,343.56,25,28,89,4,2025-11-02 19:07:37.404756,2025-11-02 19:07:37.404757
89,Get Seven,SKU00089,Wide,18.12,393,36,93,14,2025-11-02 19:07:37.404803,2025-11-02 19:07:37.404803
90,Above Nice,SKU00090,National,197.14,389,37,42,13,2025-11-02 19:07:37.404850,2025-11-02 19:07:37.404851
91,Choice Majority,SKU00091,Our,471.03,332,5,42,10,2025-11-02 19:07:37.404903,2025-11-02 19:07:37.404904
92,Draw Song,SKU00092,Economic,453.15,53,33,22,14,2025-11-02 19:07:37.404950,2025-11-02 19:07:37.404950
93,Week Imagine,SKU00093,High,54.89,395,39,96,19,2025-11-02 19:07:37.404996,2025-11-02 19:07:37.404997
94,Fast Together,SKU00094,Visit,329.58,102,30,83,4,2025-11-02 19:07:37.405044,2025-11-02 19:07:37.405044
95,Miss Least,SKU00095,Agree,134.04,400,8,67,15,2025-11-02 19:07:37.405091,2025-11-02 19:07:37.405092
96,Responsibility Treat,SKU00096,She,468.64,385,40,98,6,2025-11-02 19:07:37.405147,2025-11-02 19:07:37.405147
97,Follow Plant,SKU00097,Themselves,92.83,466,28,73,5,2025-11-02 19:07:37.405194,2025-11-02 19:07:37.405195
98,Many Five,SKU00098,Show,495.3,45,22,33,7,2025-11-02 19:07:37.405241,2025-11-02 19:07:37.405241
99,Almost Hope,SKU00099,Million,123.11,192,17,32,5,2025-11-02 19:07:37.405287,2025-11-02 19:07:37.405288
100,Space Report,SKU00100,Nice,56.05,282,24,98,15,2025-11-02 19:07:37.405334,2025-11-02 19:07:37.405334
101,Cold Center,SKU00101,Style,448.28,186,40,21,11,2025-11-02 19:07:37.405380,2025-11-02 19:07:37.405380
102,It Response,SKU00102,Board,424.34,274,11,37,16,2025-11-02 19:07:37.405426,2025-11-02 19:07:37.405427
103,Evidence Boy,SKU00103,Will,340.0,61,23,25,7,2025-11-02 19:07:37.405473,2025-11-02 19:07:37.405473
104,Wish And,SKU00104,Air,150.14,34,25,62,18,2025-11-02 19:07:37.405518,2025-11-02 19:07:37.405519
105,Individual Research,SKU00105,Rule,395.86,118,46,67,9,2025-11-02 19:07:37.405565,2025-11-02 19:07:37.405565
106,Citizen Probably,SKU00106,Certainly,497.99,131,9,44,13,2025-11-02 19:07:37.405611,2025-11-02 19:07:37.405611
107,Recent Soon,SKU00107,Executive,354.39,248,16,18,12,2025-11-02 19:07:37.405656,2025-11-02 19:07:37.405657
108,Impact Page,SKU00108,Remember,419.3,410,42,16,16,2025-11-02 19:07:37.405713,2025-11-02 19:07:37.405713
109,Exactly Perhaps,SKU00109,Season,351.98,179,13,59,4,2025-11-02 19:07:37.405759,2025-11-02 19:07:37.405760
110,Whose Eat,SKU00110,Attorney,45.27,174,42,92,10,2025-11-02 19:07:37.405806,2025-11-02 19:07:37.405806
111,Word Toward,SKU00111,Themselves,190.26,330,26,26,9,2025-11-02 19:07:37.405852,2025-11-02 19:07:37.405853
112,Report Pressure,SKU00112,Whole,493.07,141,40,79,14,2025-11-02 19:07:37.405899,2025-11-02 19:07:37.405899
113,Sometimes International,SKU00113,Argue,281.41,100,14,99,9,2025-11-02 19:07:37.405945,2025-11-02 19:07:37.405946
114,Wonder Why,SKU00114,Guess,220.05,182,17,67,10,2025-11-02 19:07:37.405991,2025-11-02 19:07:37.405992
115,Mr Treat,SKU00115,Own,63.18,370,43,10,5,2025-11-02 19:07:37.406037,2025-11-02 19:07:37.406038
116,Small Money,SKU00116,Tax,293.77,199,29,65,3,2025-11-02 19:07:37.406084,2025-11-02 19:07:37.406084
117,Movement Pull,SKU00117,Himself,115.68,143,48,54,15,2025-11-02 19:07:37.406136,2025-11-02 19:07:37.406136
118,Identify Product,SKU00118,Big,26.36,158,20,94,13,2025-11-02 19:07:37.406183,2025-11-02 19:07:37.406184
119,So Hold,SKU00119,Hear,459.96,173,39,28,17,2025-11-02 19:07:37.406229,2025-11-02 19:07:37.406230
120,Ahead Memory,SKU00120,Factor,316.55,23,19,40,3,2025-11-02 19:07:37.406276,2025-11-02 19:07:37.406276
121,Nation Wear,SKU00121,Our,315.64,383,7,25,13,2025-11-02 19:07:37.406324,2025-11-02 19:07:37.406325
122,Very Girl,SKU00122,Kind,144.08,233,20,81,8,2025-11-02 19:07:37.406371,2025-11-02 19:07:37.406371
123,Look Bad,SKU00123,Cut,230.55,165,12,45,10,2025-11-02 19:07:37.406417,2025-11-02 19:07:37.406417
124,Computer Similar,SKU00124,Attention,179.91,187,32,50,6,2025-11-02 19:07:37.406463,2025-11-02 19:07:37.406463
125,According Activity,SKU00125,Paper,493.17,456,21,82,3,2025-11-02 19:07:37.406509,2025-11-02 19:07:37.406510
126,Prepare Police,SKU00126,Base,208.55,470,32,38,15,2025-11-02 19:07:37.406555,2025-11-02 19:07:37.406556
127,Administration Past,SKU00127,Film,455.91,262,10,91,7,2025-11-02 19:07:37.406602,2025-11-02 19:07:37.406602
128,Environment Material,SKU00128,Enter,308.64,459,14,65,15,2025-11-02 19:07:37.406648,2025-11-02 19:07:37.406649
129,Light Together,SKU00129,Hand,86.59,298,5,27,17,2025-11-02 19:07:37.406704,2025-11-02 19:07:37.406704
130,Maintain Available,SKU00130,Race,79.46,350,30,72,19,2025-11-02 19:07:37.406751,2025-11-02 19:07:37.406751
131,Peace True,SKU00131,Establish,419.97,107,45,10,18,2025-11-02 19:07:37.406797,2025-11-02 19:07:37.406797
132,Base Artist,SKU00132,Whole,42.3,485,21,78,7,2025-11-02 19:07:37.406844,2025-11-02 19:07:37.406844
133,Door Sell,SKU00133,Local,498.34,446,27,62,7,2025-11-02 19:07:37.406890,2025-11-02 19:07:37.406890
134,Into Nation,SKU00134,It,379.76,92,21,94,16,2025-11-02 19:07:37.406936,2025-11-02 19:07:37.406936
135,Free Or,SKU00135,Economy,106.5,10,49,86,6,2025-11-02 19:07:37.406981,2025-11-02 19:07:37.406982
136,Financial Population,SKU00136,Some,118.18,378,44,41,4,2025-11-02 19:07:37.407029,2025-11-02 19:07:37.407029
137,Even Nor,SKU00137,Share,182.29,81,43,35,4,2025-11-02 19:07:37.407075,2025-11-02 19:07:37.407076
138,Oil World,SKU00138,Involve,240.72,268,16,74,14,2025-11-02 19:07:37.407126,2025-11-02 19:07:37.407126
139,Through Our,SKU00139,Rock,282.66,231,21,56,17,2025-11-02 19:07:37.407173,2025-11-02 19:07:37.407174
140,Old Officer,SKU00140,Sort,393.41,407,6,84,9,2025-11-02 19:07:37.407219,2025-11-02 19:07:37.407220
141,Gun Including,SKU00141,Mrs,72.5,261,38,47,4,2025-11-02 19:07:37.407266,2025-11-02 19:07:37.407266
142,Impact Economic,SKU00142,Individual,320.14,344,31,60,4,2025-11-02 19:07:37.407312,2025-11-02 19:07:37.407313
143,Walk End,SKU00143,Because,177.39,175,37,97,17,2025-11-02 19:07:37.407358,2025-11-02 19:07:37.407358
144,Art Wide,SKU00144,Phone,201.29,256,46,60,19,2025-11-02 19:07:37.407404,2025-11-02 19:07:37.407404
145,Read Money,SKU00145,Consider,475.01,397,14,65,19,2025-11-02 19:07:37.407450,2025-11-02 19:07:37.407451
146,Or Career,SKU00146,Article,248.6,349,28,78,4,2025-11-02 19:07:37.407496,2025-11-02 19:07:37.407497
147,Produce Happen,SKU00147,Painting,312.3,459,17,52,18,2025-11-02 19:07:37.407542,2025-11-02 19:07:37.407543
148,Sea Necessary,SKU00148,Usually,174.07,120,27,64,18,2025-11-02 19:07:37.407588,2025-11-02 19:07:37.407589
149,Source Blood,SKU00149,Maybe,80.19,383,20,17,6,2025-11-02 19:07:37.407634,2025-11-02 19:07:37.407635
150,Lot System,SKU00150,Series,95.03,193,29,76,5,2025-11-02 19:07:37.407689,2025-11-02 19:07:37.407690
151,Sit Born,SKU00151,Public,260.04,169,23,30,7,2025-11-02 19:07:37.407737,2025-11-02 19:07:37.407737
152,Social Available,SKU00152,Upon,175.82,179,26,30,8,2025-11-02 19:07:37.407788,2025-11-02 19:07:37.407789
153,Artist Person,SKU00153,Long,64.71,242,16,99,16,2025-11-02 19:07:37.407835,2025-11-02 19:07:37.407835
154,Name Paper,SKU00154,Since,185.31,87,30,54,11,2025-11-02 19:07:37.407880,2025-11-02 19:07:37.407881
155,Stage List,SKU00155,Hear,50.68,56,26,65,13,2025-11-02 19:07:37.407926,2025-11-02 19:07:37.407927
156,Enough Grow,SKU00156,Case,460.83,70,21,35,6,2025-11-02 19:07:37.407972,2025-11-02 19:07:37.407973
157,Natural Bring,SKU00157,Their,404.07,122,39,61,17,2025-11-02 19:07:37.408018,2025-11-02 19:07:37.408019
158,Actually College,SKU00158,Best,270.61,65,26,23,16,2025-11-02 19:07:37.408065,2025-11-02 19:07:37.408065
159,Why School,SKU00159,Often,233.95,374,30,23,9,2025-11-02 19:07:37.408111,2025-11-02 19:07:37.408111
160,Serve Nothing,SKU00160,Represent,345.15,416,47,27,8,2025-11-02 19:07:37.408164,2025-11-02 19:07:37.408165
161,School Culture,SKU00161,Role,268.65,24,29,37,12,2025-11-02 19:07:37.408210,2025-11-02 19:07:37.408211
162,Serve Direction,SKU00162,President,284.16,282,43,95,14,2025-11-02 19:07:37.408257,2025-11-02 19:07:37.408257
163,Responsibility Special,SKU00163,Agreement,120.44,22,24,34,6,2025-11-02 19:07:37.408302,2025-11-02 19:07:37.408303
164,Lay History,SKU00164,Small,180.78,242,49,27,17,2025-11-02 19:07:37.408349,2025-11-02 19:07:37.408349
165,Less Maintain,SKU00165,Question,294.18,479,38,17,10,2025-11-02 19:07:37.408395,2025-11-02 19:07:37.408395
166,Material Room,SKU00166,Other,218.67,92,46,50,7,2025-11-02 19:07:37.408441,2025-11-02 19:07:37.408441
167,Result Who,SKU00167,Remember,184.73,291,38,68,15,2025-11-02 19:07:37.408487,2025-11-02 19:07:37.408488
168,Evening Attorney,SKU00168,Discover,168.52,386,37,62,8,2025-11-02 19:07:37.408533,2025-11-02 19:07:37.408534
169,Yet In,SKU00169,Head,185.85,121,8,84,11,2025-11-02 19:07:37.408579,2025-11-02 19:07:37.408580
170,Wife Service,SKU00170,Need,44.72,252,35,49,7,2025-11-02 19:07:37.408625,2025-11-02 19:07:37.408626
171,Sure Future,SKU00171,Remain,491.28,232,10,75,13,2025-11-02 19:07:37.408674,2025-11-02 19:07:37.408674
172,Report Business,SKU00172,Address,433.43,143,34,60,4,2025-11-02 19:07:37.408729,2025-11-02 19:07:37.408730
173,Represent Ability,SKU00173,Water,280.6,401,30,60,15,2025-11-02 19:07:37.408776,2025-11-02 19:07:37.408776
174,Station Pay,SKU00174,Administration,385.9,335,30,77,3,2025-11-02 19:07:37.408822,2025-11-02 19:07:37.408823
175,Again Whatever,SKU00175,Believe,369.44,149,5,99,16,2025-11-02 19:07:37.408869,2025-11-02 19:07:37.408869
176,Than Such,SKU00176,Week,147.87,302,15,86,13,2025-11-02 19:07:37.408915,2025-11-02 19:07:37.408915
177,Security Unit,SKU00177,Sell,298.97,399,14,14,12,2025-11-02 19:07:37.408961,2025-11-02 19:07:37.408961
178,Major Cultural,SKU00178,During,495.03,22,44,11,3,2025-11-02 19:07:37.409007,2025-11-02 19:07:37.409007
179,He Congress,SKU00179,Gun,73.72,338,21,18,13,2025-11-02 19:07:37.409055,2025-11-02 19:07:37.409055
180,Actually No,SKU00180,We,239.22,47,39,58,7,2025-11-02 19:07:37.409101,2025-11-02 19:07:37.409101
181,Like Senior,SKU00181,Edge,416.16,245,18,84,11,2025-11-02 19:07:37.409153,2025-11-02 19:07:37.409153
182,Agree Nearly,SKU00182,Will,106.48,492,39,10,10,2025-11-02 19:07:37.409199,2025-11-02 19:07:37.409199
183,Person Voice,SKU00183,Board,362.19,69,33,81,13,2025-11-02 19:07:37.409321,2025-11-02 19:07:37.409323
184,Above Direction,SKU00184,Article,398.66,279,34,44,7,2025-11-02 19:07:37.409376,2025-11-02 19:07:37.409377
185,Relationship Free,SKU00185,Fall,408.21,388,18,35,6,2025-11-02 19:07:37.409423,2025-11-02 19:07:37.409424
186,Lose Culture,SKU00186,Represent,161.52,51,29,27,10,2025-11-02 19:07:37.409470,2025-11-02 19:07:37.409470
187,Loss Analysis,SKU00187,Pressure,228.71,113,18,41,8,2025-11-02 19:07:37.409517,2025-11-02 19:07:37.409517
188,Live Throw,SKU00188,Tree,272.19,72,19,34,19,2025-11-02 19:07:37.409563,2025-11-02 19:07:37.409563
189,Skill Me,SKU00189,Event,450.29,459,18,62,10,2025-11-02 19:07:37.409609,2025-11-02 19:07:37.409610
190,Production Present,SKU00190,Southern,118.37,48,10,15,5,2025-11-02 19:07:37.409656,2025-11-02 19:07:37.409656
191,Down Father,SKU00191,Stage,315.72,465,46,73,17,2025-11-02 19:07:37.409717,2025-11-02 19:07:37.409718
192,Generation Strategy,SKU00192,Husband,439.92,298,34,36,6,2025-11-02 19:07:37.409765,2025-11-02 19:07:37.409765
193,Wonder All,SKU00193,Despite,498.86,450,37,36,3,2025-11-02 19:07:37.409812,2025-11-02 19:07:37.409812
194,Seem Past,SKU00194,Collection,21.6,95,6,19,7,2025-11-02 19:07:37.409858,2025-11-02 19:07:37.409859
195,Catch Alone,SKU00195,Include,439.0,362,42,22,17,2025-11-02 19:07:37.409921,2025-11-02 19:07:37.409921
196,Church Painting,SKU00196,Paper,423.99,225,19,38,10,2025-11-02 19:07:37.409967,2025-11-02 19:07:37.409968
197,Fly National,SKU00197,Before,79.21,56,8,85,15,2025-11-02 19:07:37.410014,2025-11-02 19:07:37.410014
198,Painting Dream,SKU00198,Test,361.42,104,40,45,13,2025-11-02 19:07:37.410060,2025-11-02 19:07:37.410061
199,Miss Collection,SKU00199,Think,301.52,157,15,83,10,2025-11-02 19:07:37.410106,2025-11-02 19:07:37.410107
200,Threat Peace,SKU00200,Risk,293.78,209,27,56,16,2025-11-02 19:07:37.410160,2025-11-02 19:07:37.410161
201,Camera Respond,SKU00201,None,309.4,227,17,71,3,2025-11-02 19:07:37.410206,2025-11-02 19:07:37.410207
202,Not Wear,SKU00202,Respond,13.96,325,47,85,14,2025-11-02 19:07:37.410254,2025-11-02 19:07:37.410254
203,Ground Energy,SKU00203,Surface,284.74,333,9,46,10,2025-11-02 19:07:37.410300,2025-11-02 19:07:37.410301
204,Conference Send,SKU00204,Policy,327.43,101,35,18,16,2025-11-02 19:07:37.410346,2025-11-02 19:07:37.410347
205,Feeling Standard,SKU00205,Wide,467.51,223,15,32,3,2025-11-02 19:07:37.410392,2025-11-02 19:07:37.410393
206,Certain Event,SKU00206,Some,61.05,414,30,45,3,2025-11-02 19:07:37.410439,2025-11-02 19:07:37.410439
207,Something Water,SKU00207,Social,435.6,64,44,24,17,2025-11-02 19:07:37.410485,2025-11-02 19:07:37.410485
208,Teacher Else,SKU00208,Begin,32.11,146,14,61,11,2025-11-02 19:07:37.410531,2025-11-02 19:07:37.410531
209,Middle Hundred,SKU00209,Any,61.56,253,29,99,13,2025-11-02 19:07:37.410577,2025-11-02 19:07:37.410577
210,Business Explain,SKU00210,Dream,461.87,400,22,43,19,2025-11-02 19:07:37.410623,2025-11-02 19:07:37.410623
211,Light Wish,SKU00211,Fish,295.6,452,48,60,9,2025-11-02 19:07:37.410669,2025-11-02 19:07:37.410670
212,Itself How,SKU00212,Loss,86.93,353,37,58,13,2025-11-02 19:07:37.410727,2025-11-02 19:07:37.410727
213,Important Trial,SKU00213,Ahead,317.97,165,25,58,9,2025-11-02 19:07:37.410773,2025-11-02 19:07:37.410773
214,Return Positive,SKU00214,Material,487.89,370,24,95,10,2025-11-02 19:07:37.410819,2025-11-02 19:07:37.410819
215,Language Sit,SKU00215,Evening,253.59,266,36,22,19,2025-11-02 19:07:37.410866,2025-11-02 19:07:37.410866
216,Whom Base,SKU00216,See,23.09,295,20,49,3,2025-11-02 19:07:37.410912,2025-11-02 19:07:37.410913
217,Once Simple,SKU00217,Practice,388.89,184,6,47,6,2025-11-02 19:07:37.410958,2025-11-02 19:07:37.410958
218,Least Big,SKU00218,A,95.05,422,43,12,12,2025-11-02 19:07:37.411004,2025-11-02 19:07:37.411004
219,Ability Thought,SKU00219,Rock,139.02,375,38,96,9,2025-11-02 19:07:37.411050,2025-11-02 19:07:37.411050
220,Start Three,SKU00220,Watch,331.17,330,7,97,10,2025-11-02 19:07:37.411096,2025-11-02 19:07:37.411096
221,Section Garden,SKU00221,Along,56.53,248,41,76,3,2025-11-02 19:07:37.411149,2025-11-02 19:07:37.411149
222,Challenge Value,SKU00222,Per,280.58,273,38,44,16,2025-11-02 19:07:37.411196,2025-11-02 19:07:37.411196
223,Clear Really,SKU00223,Whose,303.58,311,47,25,6,2025-11-02 19:07:37.411242,2025-11-02 19:07:37.411243
224,Onto Administration,SKU00224,Part,472.48,191,25,23,18,2025-11-02 19:07:37.411289,2025-11-02 19:07:37.411290
225,Yet Home,SKU00225,Hundred,48.03,339,11,42,18,2025-11-02 19:07:37.411337,2025-11-02 19:07:37.411337
226,Fear Three,SKU00226,Per,94.81,45,33,69,4,2025-11-02 19:07:37.411383,2025-11-02 19:07:37.411383
227,School Across,SKU00227,Pay,455.76,206,24,20,12,2025-11-02 19:07:37.411429,2025-11-02 19:07:37.411430
228,Notice Plan,SKU00228,This,413.43,204,27,21,7,2025-11-02 19:07:37.411475,2025-11-02 19:07:37.411475
229,Dinner Economy,SKU00229,Usually,175.87,265,34,18,4,2025-11-02 19:07:37.411521,2025-11-02 19:07:37.411521
230,Modern Nor,SKU00230,Owner,431.23,364,26,33,19,2025-11-02 19:07:37.411567,2025-11-02 19:07:37.411568
231,Human About,SKU00231,Like,434.89,129,27,90,19,2025-11-02 19:07:37.411613,2025-11-02 19:07:37.411614
232,Relationship View,SKU00232,Day,138.0,49,6,34,9,2025-11-02 19:07:37.411660,2025-11-02 19:07:37.411660
233,Mind Heart,SKU00233,Movement,112.92,287,47,13,15,2025-11-02 19:07:37.411716,2025-11-02 19:07:37.411717
234,Surface Measure,SKU00234,Culture,347.15,302,15,79,12,2025-11-02 19:07:37.411764,2025-11-02 19:07:37.411764
235,Arm Number,SKU00235,Into,290.38,431,38,26,7,2025-11-02 19:07:37.411810,2025-11-02 19:07:37.411811
236,Chair That,SKU00236,Specific,327.45,387,16,96,12,2025-11-02 19:07:37.411856,2025-11-02 19:07:37.411857
237,Child Pm,SKU00237,Fast,74.31,36,35,15,10,2025-11-02 19:07:37.411902,2025-11-02 19:07:37.411903
238,Product Building,SKU00238,Choose,129.11,246,11,19,15,2025-11-02 19:07:37.411948,2025-11-02 19:07:37.411949
239,Perhaps There,SKU00239,Pressure,419.86,478,32,71,16,2025-11-02 19:07:37.411994,2025-11-02 19:07:37.411995
240,Apply Management,SKU00240,Back,28.25,319,47,74,6,2025-11-02 19:07:37.412041,2025-11-02 19:07:37.412041
241,Southern Citizen,SKU00241,Month,386.64,38,25,20,10,2025-11-02 19:07:37.412086,2025-11-02 19:07:37.412087
242,Institution She,SKU00242,Suffer,221.41,173,43,63,4,2025-11-02 19:07:37.412137,2025-11-02 19:07:37.412137
243,Begin Fill,SKU00243,Play,201.34,161,26,78,3,2025-11-02 19:07:37.412183,2025-11-02 19:07:37.412184
244,Second Interesting,SKU00244,As,138.61,248,24,92,5,2025-11-02 19:07:37.412229,2025-11-02 19:07:37.412230
245,Politics May,SKU00245,Must,421.56,346,49,82,4,2025-11-02 19:07:37.412276,2025-11-02 19:07:37.412276
246,Cup Artist,SKU00246,Magazine,57.77,210,44,26,3,2025-11-02 19:07:37.412322,2025-11-02 19:07:37.412322
247,Hospital Loss,SKU00247,Phone,250.27,436,44,51,9,2025-11-02 19:07:37.412368,2025-11-02 19:07:37.412369
248,His Moment,SKU00248,Policy,42.59,238,48,53,8,2025-11-02 19:07:37.412416,2025-11-02 19:07:37.412416
249,Finish Street,SKU00249,Modern,297.16,284,41,53,19,2025-11-02 19:07:37.412462,2025-11-02 19:07:37.412463
250,Agent Item,SKU00250,Public,72.73,339,16,71,18,2025-11-02 19:07:37.412508,2025-11-02 19:07:37.412509
251,Detail Exist,SKU00251,Head,437.11,273,35,30,19,2025-11-02 19:07:37.412554,2025-11-02 19:07:37.412555
252,Face City,SKU00252,Section,331.1,383,20,79,10,2025-11-02 19:07:37.412600,2025-11-02 19:07:37.412601
253,Usually Probably,SKU00253,Edge,128.59,98,16,24,11,2025-11-02 19:07:37.412646,2025-11-02 19:07:37.412646
254,Power Give,SKU00254,Address,472.31,56,36,19,18,2025-11-02 19:07:37.412700,2025-11-02 19:07:37.412701
255,Right Week,SKU00255,Security,463.0,416,30,94,9,2025-11-02 19:07:37.412747,2025-11-02 19:07:37.412747
256,Easy Imagine,SKU00256,Night,21.8,126,11,18,18,2025-11-02 19:07:37.412793,2025-11-02 19:07:37.412794
257,Them Any,SKU00257,Phone,62.06,324,27,91,9,2025-11-02 19:07:37.412839,2025-11-02 19:07:37.412840
258,Image Standard,SKU00258,Available,230.3,452,46,26,16,2025-11-02 19:07:37.412886,2025-11-02 19:07:37.412886
259,Woman Maybe,SKU00259,Everything,300.15,492,48,69,15,2025-11-02 19:07:37.412933,2025-11-02 19:07:37.412933
260,Wear We,SKU00260,Have,43.09,302,47,49,14,2025-11-02 19:07:37.412979,2025-11-02 19:07:37.412980
261,Soon Message,SKU00261,Tend,288.35,385,8,95,15,2025-11-02 19:07:37.413025,2025-11-02 19:07:37.413026
262,Entire Method,SKU00262,White,314.82,25,49,51,14,2025-11-02 19:07:37.413072,2025-11-02 19:07:37.413072
263,They How,SKU00263,Reach,120.31,320,39,51,4,2025-11-02 19:07:37.413118,2025-11-02 19:07:37.413118
264,Person Thousand,SKU00264,Sea,15.53,256,17,22,5,2025-11-02 19:07:37.413172,2025-11-02 19:07:37.413172
265,Situation Role,SKU00265,Theory,39.66,311,33,71,19,2025-11-02 19:07:37.413218,2025-11-02 19:07:37.413219
266,Tough Half,SKU00266,Every,203.96,254,48,66,18,2025-11-02 19:07:37.413264,2025-11-02 19:07:37.413265
267,Suffer General,SKU00267,International,437.47,248,14,39,9,2025-11-02 19:07:37.413311,2025-11-02 19:07:37.413311
268,Major Film,SKU00268,Nice,263.65,74,34,58,5,2025-11-02 19:07:37.413357,2025-11-02 19:07:37.413357
269,Everything Determine,SKU00269,In,236.32,385,34,77,7,2025-11-02 19:07:37.413403,2025-11-02 19:07:37.413403
270,Establish Appear,SKU00270,Find,25.84,202,19,82,17,2025-11-02 19:07:37.413449,2025-11-02 19:07:37.413450
271,Say Leader,SKU00271,Around,195.24,353,8,21,7,2025-11-02 19:07:37.413495,2025-11-02 19:07:37.413496
272,Phone Put,SKU00272,How,394.24,436,10,48,16,2025-11-02 19:07:37.413542,2025-11-02 19:07:37.413542
273,Himself At,SKU00273,State,302.4,71,17,34,9,2025-11-02 19:07:37.413589,2025-11-02 19:07:37.413589
274,Where Establish,SKU00274,Education,495.63,68,12,29,15,2025-11-02 19:07:37.413635,2025-11-02 19:07:37.413635
275,Include System,SKU00275,Moment,64.57,116,38,66,11,2025-11-02 19:07:37.413688,2025-11-02 19:07:37.413689
276,Run That,SKU00276,Into,97.29,268,10,14,7,2025-11-02 19:07:37.413736,2025-11-02 19:07:37.413736
277,Table Someone,SKU00277,Rather,316.74,224,13,29,19,2025-11-02 19:07:37.413782,2025-11-02 19:07:37.413782
278,She Enter,SKU00278,Paper,91.08,499,39,59,19,2025-11-02 19:07:37.413828,2025-11-02 19:07:37.413828
279,Red Education,SKU00279,Far,81.18,169,39,22,17,2025-11-02 19:07:37.413874,2025-11-02 19:07:37.413874
280,Talk Ability,SKU00280,Only,22.26,77,18,20,11,2025-11-02 19:07:37.413920,2025-11-02 19:07:37.413920
281,Leg Loss,SKU00281,Reveal,198.63,132,32,38,11,2025-11-02 19:07:37.413966,2025-11-02 19:07:37.413966
282,President Bed,SKU00282,Training,26.97,235,16,51,11,2025-11-02 19:07:37.414012,2025-11-02 19:07:37.414012
283,Town Cold,SKU00283,Walk,167.88,34,9,20,4,2025-11-02 19:07:37.414057,2025-11-02 19:07:37.414058
284,City Us,SKU00284,Since,207.18,472,42,81,7,2025-11-02 19:07:37.414103,2025-11-02 19:07:37.414103
285,Catch Rock,SKU00285,Entire,29.15,411,10,46,18,2025-11-02 19:07:37.414153,2025-11-02 19:07:37.414154
286,Technology Financial,SKU00286,Discuss,343.21,462,17,90,10,2025-11-02 19:07:37.414200,2025-11-02 19:07:37.414200
287,Any Manage,SKU00287,Focus,442.04,327,33,67,5,2025-11-02 19:07:37.414246,2025-11-02 19:07:37.414247
288,Several Season,SKU00288,Reveal,177.17,363,44,86,15,2025-11-02 19:07:37.414292,2025-11-02 19:07:37.414293
289,Only Performance,SKU00289,Nothing,368.29,225,23,89,10,2025-11-02 19:07:37.414343,2025-11-02 19:07:37.414344
290,Political Traditional,SKU00290,Official,126.42,68,45,22,13,2025-11-02 19:07:37.414473,2025-11-02 19:07:37.414474
291,Cold Under,SKU00291,Inside,123.15,190,46,72,8,2025-11-02 19:07:37.414524,2025-11-02 19:07:37.414524
292,Management Deal,SKU00292,Face,98.66,142,47,54,12,2025-11-02 19:07:37.414571,2025-11-02 19:07:37.414571
293,Social Before,SKU00293,Hair,68.79,372,34,48,6,2025-11-02 19:07:37.414617,2025-11-02 19:07:37.414618
294,Camera Include,SKU00294,Major,280.31,86,33,21,9,2025-11-02 19:07:37.414664,2025-11-02 19:07:37.414664
295,Example Step,SKU00295,White,100.6,22,31,26,10,2025-11-02 19:07:37.414725,2025-11-02 19:07:37.414725
296,Quite Around,SKU00296,Into,133.6,197,28,44,18,2025-11-02 19:07:37.414771,2025-11-02 19:07:37.414772
297,Stuff Yeah,SKU00297,Until,57.96,423,11,83,11,2025-11-02 19:07:37.414818,2025-11-02 19:07:37.414818
298,Recognize Fight,SKU00298,Billion,481.68,328,32,69,17,2025-11-02 19:07:37.414865,2025-11-02 19:07:37.414865
299,Stage During,SKU00299,Coach,466.35,486,26,77,6,2025-11-02 19:07:37.414914,2025-11-02 19:07:37.414915
300,Report Career,SKU00300,Thought,38.58,228,21,21,19,2025-11-02 19:07:37.414960,2025-11-02 19:07:37.414960
301,Chance Including,SKU00301,Light,293.17,202,26,99,16,2025-11-02 19:07:37.415006,2025-11-02 19:07:37.415006
302,Later Majority,SKU00302,Author,486.88,294,16,45,5,2025-11-02 19:07:37.415052,2025-11-02 19:07:37.415053
303,Ball Government,SKU00303,Pay,299.23,469,11,38,13,2025-11-02 19:07:37.415100,2025-11-02 19:07:37.415100
304,Option Class,SKU00304,Process,411.65,376,19,41,13,2025-11-02 19:07:37.415155,2025-11-02 19:07:37.415156
305,Light Support,SKU00305,Threat,343.23,35,38,55,4,2025-11-02 19:07:37.415202,2025-11-02 19:07:37.415203
306,Room Parent,SKU00306,Minute,498.58,474,39,22,11,2025-11-02 19:07:37.415248,2025-11-02 19:07:37.415249
307,Need Technology,SKU00307,Project,85.99,384,33,38,13,2025-11-02 19:07:37.415295,2025-11-02 19:07:37.415295
308,Blood Author,SKU00308,Everything,114.28,139,18,93,13,2025-11-02 19:07:37.415341,2025-11-02 19:07:37.415341
309,Suffer Make,SKU00309,Note,140.26,346,48,65,17,2025-11-02 19:07:37.415387,2025-11-02 19:07:37.415388
310,Else Road,SKU00310,Small,212.77,452,24,15,7,2025-11-02 19:07:37.415434,2025-11-02 19:07:37.415435
311,Rather Key,SKU00311,Remain,492.07,266,42,24,4,2025-11-02 19:07:37.415481,2025-11-02 19:07:37.415481
312,Trouble Per,SKU00312,Though,110.49,329,29,33,14,2025-11-02 19:07:37.415527,2025-11-02 19:07:37.415527
313,Baby Term,SKU00313,Able,283.56,217,31,81,16,2025-11-02 19:07:37.415572,2025-11-02 19:07:37.415572
314,Last Image,SKU00314,Democratic,105.83,102,12,88,16,2025-11-02 19:07:37.415618,2025-11-02 19:07:37.415618
315,Movie Animal,SKU00315,Partner,267.53,208,7,73,14,2025-11-02 19:07:37.415664,2025-11-02 19:07:37.415664
316,Election Spend,SKU00316,Run,21.1,325,7,29,16,2025-11-02 19:07:37.415721,2025-11-02 19:07:37.415722
317,Memory Wind,SKU00317,Ask,233.74,231,18,80,19,2025-11-02 19:07:37.415768,2025-11-02 19:07:37.415768
318,Environmental What,SKU00318,Once,305.62,349,40,18,8,2025-11-02 19:07:37.415814,2025-11-02 19:07:37.415815
319,Direction Citizen,SKU00319,Pressure,116.64,453,26,11,10,2025-11-02 19:07:37.415861,2025-11-02 19:07:37.415861
320,Pick Road,SKU00320,Statement,158.63,214,21,81,16,2025-11-02 19:07:37.415910,2025-11-02 19:07:37.415910
321,Cut Bit,SKU00321,Voice,487.48,175,36,20,15,2025-11-02 19:07:37.415956,2025-11-02 19:07:37.415956
322,Because Feeling,SKU00322,Big,379.74,111,45,17,13,2025-11-02 19:07:37.416007,2025-11-02 19:07:37.416007
323,Southern Together,SKU00323,Might,242.85,97,45,26,14,2025-11-02 19:07:37.416055,2025-11-02 19:07:37.416055
324,Growth Exactly,SKU00324,Quickly,493.4,169,19,89,3,2025-11-02 19:07:37.416101,2025-11-02 19:07:37.416101
325,White Total,SKU00325,Happen,282.03,425,37,11,3,2025-11-02 19:07:37.416153,2025-11-02 19:07:37.416154
326,Fire Memory,SKU00326,World,48.49,470,34,42,15,2025-11-02 19:07:37.416200,2025-11-02 19:07:37.416200
327,Him Girl,SKU00327,Hand,43.9,415,43,75,8,2025-11-02 19:07:37.416246,2025-11-02 19:07:37.416247
328,Cause Law,SKU00328,Door,285.93,183,19,53,19,2025-11-02 19:07:37.416293,2025-11-02 19:07:37.416294
329,Man Education,SKU00329,Recognize,476.02,326,7,15,11,2025-11-02 19:07:37.416340,2025-11-02 19:07:37.416340
330,Discussion Effect,SKU00330,Social,468.43,368,35,41,11,2025-11-02 19:07:37.416386,2025-11-02 19:07:37.416387
331,Home Special,SKU00331,Set,355.98,273,12,59,17,2025-11-02 19:07:37.416433,2025-11-02 19:07:37.416434
332,Establish Experience,SKU00332,Home,408.34,16,15,93,18,2025-11-02 19:07:37.416479,2025-11-02 19:07:37.416480
333,Number Attack,SKU00333,Language,276.06,323,26,35,5,2025-11-02 19:07:37.416525,2025-11-02 19:07:37.416526
334,Use Public,SKU00334,Likely,25.17,197,46,23,13,2025-11-02 19:07:37.416571,2025-11-02 19:07:37.416572
335,Minute Defense,SKU00335,Stay,363.79,21,27,21,15,2025-11-02 19:07:37.416617,2025-11-02 19:07:37.416618
336,Perform Order,SKU00336,Hair,242.24,252,23,64,16,2025-11-02 19:07:37.416663,2025-11-02 19:07:37.416664
337,Too Remain,SKU00337,Enjoy,171.76,401,33,62,14,2025-11-02 19:07:37.416743,2025-11-02 19:07:37.416744
338,Statement Hour,SKU00338,Business,279.9,411,23,31,7,2025-11-02 19:07:37.416791,2025-11-02 19:07:37.416792
339,Me Quality,SKU00339,Agreement,498.19,370,7,37,12,2025-11-02 19:07:37.416839,2025-11-02 19:07:37.416839
340,Attack Old,SKU00340,Paper,204.61,454,33,63,17,2025-11-02 19:07:37.416888,2025-11-02 19:07:37.416888
341,Front Poor,SKU00341,Expert,132.55,341,34,94,7,2025-11-02 19:07:37.416934,2025-11-02 19:07:37.416934
342,Picture Themselves,SKU00342,Truth,176.24,373,24,69,19,2025-11-02 19:07:37.416982,2025-11-02 19:07:37.416983
343,Difficult Southern,SKU00343,Heart,259.43,114,40,75,17,2025-11-02 19:07:37.417028,2025-11-02 19:07:37.417029
344,Contain Share,SKU00344,Environmental,450.85,271,43,51,14,2025-11-02 19:07:37.417075,2025-11-02 19:07:37.417075
345,Determine Hair,SKU00345,Gas,195.0,27,44,30,17,2025-11-02 19:07:37.417129,2025-11-02 19:07:37.417129
346,Event Together,SKU00346,Imagine,121.72,291,12,96,12,2025-11-02 19:07:37.417178,2025-11-02 19:07:37.417178
347,Form Will,SKU00347,Middle,122.58,343,6,46,7,2025-11-02 19:07:37.417224,2025-11-02 19:07:37.417224
348,Fear These,SKU00348,Energy,39.22,50,18,98,4,2025-11-02 19:07:37.417270,2025-11-02 19:07:37.417271
349,Deep Over,SKU00349,Call,52.15,154,29,37,4,2025-11-02 19:07:37.417316,2025-11-02 19:07:37.417317
350,Break Bring,SKU00350,Senior,429.7,270,5,49,14,2025-11-02 19:07:37.417363,2025-11-02 19:07:37.417364
351,Argue Leader,SKU00351,While,69.78,310,27,56,13,2025-11-02 19:07:37.417409,2025-11-02 19:07:37.417410
352,Again General,SKU00352,Begin,442.44,127,18,89,12,2025-11-02 19:07:37.417455,2025-11-02 19:07:37.417456
353,Out Child,SKU00353,Day,227.14,341,34,10,7,2025-11-02 19:07:37.417501,2025-11-02 19:07:37.417502
354,Sing Create,SKU00354,Eye,128.11,180,16,10,13,2025-11-02 19:07:37.417548,2025-11-02 19:07:37.417549
355,Others Practice,SKU00355,Or,369.52,494,16,46,19,2025-11-02 19:07:37.417596,2025-11-02 19:07:37.417596
356,Finally Beautiful,SKU00356,Guess,422.86,53,32,88,8,2025-11-02 19:07:37.417642,2025-11-02 19:07:37.417643
357,Change Report,SKU00357,Environment,106.89,454,24,87,4,2025-11-02 19:07:37.417700,2025-11-02 19:07:37.417700
358,Do Account,SKU00358,Man,65.87,302,24,35,3,2025-11-02 19:07:37.417747,2025-11-02 19:07:37.417748
359,Anything Study,SKU00359,Agree,65.44,207,41,68,7,2025-11-02 19:07:37.417794,2025-11-02 19:07:37.417794
360,Theory Movement,SKU00360,Step,56.14,188,18,21,12,2025-11-02 19:07:37.417840,2025-11-02 19:07:37.417840
361,Detail Section,SKU00361,Together,201.7,251,28,52,4,2025-11-02 19:07:37.417886,2025-11-02 19:07:37.417887
362,Check Painting,SKU00362,Parent,164.95,294,43,65,17,2025-11-02 19:07:37.417933,2025-11-02 19:07:37.417933
363,Perform Scene,SKU00363,Language,263.26,416,48,47,15,2025-11-02 19:07:37.417982,2025-11-02 19:07:37.417982
364,Prepare For,SKU00364,Prove,76.05,443,46,17,3,2025-11-02 19:07:37.418028,2025-11-02 19:07:37.418028
365,Hour Bit,SKU00365,Put,366.76,166,36,14,17,2025-11-02 19:07:37.418074,2025-11-02 19:07:37.418074
366,See Computer,SKU00366,Tell,92.69,299,5,64,13,2025-11-02 19:07:37.418126,2025-11-02 19:07:37.418126
367,Agent House,SKU00367,Party,343.21,123,22,26,10,2025-11-02 19:07:37.418173,2025-11-02 19:07:37.418173
368,Notice Pm,SKU00368,A,432.98,378,16,81,16,2025-11-02 19:07:37.418219,2025-11-02 19:07:37.418220
369,Discussion Whether,SKU00369,Security,459.75,10,23,40,18,2025-11-02 19:07:37.418265,2025-11-02 19:07:37.418266
370,Per None,SKU00370,Dog,414.29,313,9,99,4,2025-11-02 19:07:37.418312,2025-11-02 19:07:37.418312
371,Prove Wonder,SKU00371,Evening,499.71,463,13,42,11,2025-11-02 19:07:37.418358,2025-11-02 19:07:37.418358
372,Medical Morning,SKU00372,Yet,496.7,278,13,86,11,2025-11-02 19:07:37.418409,2025-11-02 19:07:37.418409
373,Culture In,SKU00373,Resource,59.01,107,42,13,8,2025-11-02 19:07:37.418455,2025-11-02 19:07:37.418455
374,Theory Per,SKU00374,Citizen,221.9,491,22,22,11,2025-11-02 19:07:37.418501,2025-11-02 19:07:37.418502
375,One Rate,SKU00375,Story,162.01,374,15,10,9,2025-11-02 19:07:37.418547,2025-11-02 19:07:37.418548
376,Class Board,SKU00376,Feeling,7.85,152,5,85,9,2025-11-02 19:07:37.418594,2025-11-02 19:07:37.418594
377,Anything Behind,SKU00377,Address,283.9,412,33,98,3,2025-11-02 19:07:37.418640,2025-11-02 19:07:37.418640
378,Every But,SKU00378,Example,122.58,300,48,99,13,2025-11-02 19:07:37.418695,2025-11-02 19:07:37.418696
379,Feeling Prove,SKU00379,Rich,303.71,119,18,83,4,2025-11-02 19:07:37.418742,2025-11-02 19:07:37.418743
380,Provide Fear,SKU00380,Something,234.43,12,25,35,10,2025-11-02 19:07:37.418789,2025-11-02 19:07:37.418789
381,Church Song,SKU00381,Different,261.95,463,32,35,14,2025-11-02 19:07:37.418835,2025-11-02 19:07:37.418836
382,Skin Clearly,SKU00382,Finally,78.75,313,41,88,14,2025-11-02 19:07:37.418881,2025-11-02 19:07:37.418882
383,About Fear,SKU00383,Wear,240.96,52,27,79,16,2025-11-02 19:07:37.418927,2025-11-02 19:07:37.418928
384,Talk Simply,SKU00384,Hear,360.47,388,47,30,13,2025-11-02 19:07:37.418973,2025-11-02 19:07:37.418973
385,Professional Traditional,SKU00385,Young,8.74,312,19,34,6,2025-11-02 19:07:37.419020,2025-11-02 19:07:37.419021
386,Will Yourself,SKU00386,Pattern,463.88,280,8,30,15,2025-11-02 19:07:37.419066,2025-11-02 19:07:37.419067
387,Guy Whole,SKU00387,Little,179.05,299,18,77,18,2025-11-02 19:07:37.419113,2025-11-02 19:07:37.419114
388,Possible Society,SKU00388,Decision,263.93,36,33,37,5,2025-11-02 19:07:37.419171,2025-11-02 19:07:37.419171
389,Cause Admit,SKU00389,Reach,292.56,115,40,39,4,2025-11-02 19:07:37.419217,2025-11-02 19:07:37.419218
390,Trade Significant,SKU00390,Often,139.95,141,30,98,13,2025-11-02 19:07:37.419263,2025-11-02 19:07:37.419264
391,Charge Shake,SKU00391,Measure,66.0,117,14,48,15,2025-11-02 19:07:37.419310,2025-11-02 19:07:37.419310
392,Though Brother,SKU00392,Thousand,96.37,456,46,70,12,2025-11-02 19:07:37.419356,2025-11-02 19:07:37.419356
393,Resource Six,SKU00393,Instead,459.29,93,8,16,3,2025-11-02 19:07:37.419402,2025-11-02 19:07:37.419402
394,Among Relationship,SKU00394,Knowledge,189.89,182,46,56,15,2025-11-02 19:07:37.419448,2025-11-02 19:07:37.419448
395,Be Movement,SKU00395,Figure,302.8,127,25,95,11,2025-11-02 19:07:37.419547,2025-11-02 19:07:37.419549
396,Police Color,SKU00396,Old,397.9,280,14,97,12,2025-11-02 19:07:37.419625,2025-11-02 19:07:37.419625
397,Training Loss,SKU00397,Operation,450.51,217,30,46,6,2025-11-02 19:07:37.419674,2025-11-02 19:07:37.419686
398,Gas Drop,SKU00398,Reality,141.03,28,40,69,9,2025-11-02 19:07:37.419736,2025-11-02 19:07:37.419736
399,Plant Medical,SKU00399,Spend,335.44,155,23,45,12,2025-11-02 19:07:37.419783,2025-11-02 19:07:37.419783
400,Difficult Form,SKU00400,Reduce,228.63,251,9,56,19,2025-11-02 19:07:37.419829,2025-11-02 19:07:37.419830
401,Score Fine,SKU00401,Politics,369.75,235,37,30,19,2025-11-02 19:07:37.419881,2025-11-02 19:07:37.419882
402,Painting Commercial,SKU00402,Serve,93.33,302,19,44,9,2025-11-02 19:07:37.419931,2025-11-02 19:07:37.419932
403,Bill Then,SKU00403,Anyone,275.62,147,13,87,15,2025-11-02 19:07:37.419980,2025-11-02 19:07:37.419981
404,Enjoy Kind,SKU00404,Soldier,299.27,263,29,11,5,2025-11-02 19:07:37.420029,2025-11-02 19:07:37.420029
405,A Particular,SKU00405,Social,300.54,155,7,51,9,2025-11-02 19:07:37.420075,2025-11-02 19:07:37.420076
406,Method Floor,SKU00406,Strong,363.64,468,43,33,16,2025-11-02 19:07:37.420129,2025-11-02 19:07:37.420129
407,Kitchen Community,SKU00407,Hit,56.53,227,42,51,9,2025-11-02 19:07:37.420177,2025-11-02 19:07:37.420177
408,Break Since,SKU00408,Impact,387.45,45,44,45,5,2025-11-02 19:07:37.420223,2025-11-02 19:07:37.420223
409,Between Thousand,SKU00409,Deep,203.59,362,10,50,9,2025-11-02 19:07:37.420269,2025-11-02 19:07:37.420270
410,Themselves Those,SKU00410,Culture,39.36,58,6,69,7,2025-11-02 19:07:37.420316,2025-11-02 19:07:37.420316
411,Hard Run,SKU00411,Thousand,39.62,169,25,17,8,2025-11-02 19:07:37.420362,2025-11-02 19:07:37.420362
412,Situation Happen,SKU00412,American,298.44,76,48,67,5,2025-11-02 19:07:37.420408,2025-11-02 19:07:37.420408
413,Local Various,SKU00413,Professional,99.21,139,27,53,4,2025-11-02 19:07:37.420454,2025-11-02 19:07:37.420454
414,Individual Live,SKU00414,Leave,184.66,300,38,96,10,2025-11-02 19:07:37.420500,2025-11-02 19:07:37.420501
415,Dog Address,SKU00415,Everyone,292.34,451,40,78,15,2025-11-02 19:07:37.420547,2025-11-02 19:07:37.420547
416,Husband Right,SKU00416,Score,319.31,312,20,71,18,2025-11-02 19:07:37.420593,2025-11-02 19:07:37.420594
417,Tv Table,SKU00417,Best,5.61,409,16,17,5,2025-11-02 19:07:37.420640,2025-11-02 19:07:37.420640
418,Actually Weight,SKU00418,Now,463.95,246,27,14,10,2025-11-02 19:07:37.420696,2025-11-02 19:07:37.420697
419,Spend World,SKU00419,Billion,385.46,330,34,30,8,2025-11-02 19:07:37.420744,2025-11-02 19:07:37.420745
420,Still On,SKU00420,Interest,132.24,465,43,41,3,2025-11-02 19:07:37.420791,2025-11-02 19:07:37.420792
421,Staff Now,SKU00421,Building,306.2,469,42,23,6,2025-11-02 19:07:37.420837,2025-11-02 19:07:37.420838
422,Parent Politics,SKU00422,Create,155.05,123,49,75,11,2025-11-02 19:07:37.420884,2025-11-02 19:07:37.420884
423,Most News,SKU00423,Information,48.38,484,13,74,13,2025-11-02 19:07:37.420931,2025-11-02 19:07:37.420931
424,However Same,SKU00424,May,413.52,199,27,35,6,2025-11-02 19:07:37.420977,2025-11-02 19:07:37.420978
425,Spring Final,SKU00425,Development,437.3,271,39,31,13,2025-11-02 19:07:37.421024,2025-11-02 19:07:37.421025
426,Suddenly Rate,SKU00426,Dream,289.42,325,41,21,17,2025-11-02 19:07:37.421071,2025-11-02 19:07:37.421071
427,From Opportunity,SKU00427,Month,201.6,175,22,54,5,2025-11-02 19:07:37.421117,2025-11-02 19:07:37.421117
428,Defense Rate,SKU00428,Stand,338.78,499,34,87,8,2025-11-02 19:07:37.421169,2025-11-02 19:07:37.421169
429,Agency Face,SKU00429,Someone,74.93,16,18,82,17,2025-11-02 19:07:37.421215,2025-11-02 19:07:37.421215
430,Adult Current,SKU00430,Test,204.48,75,31,11,5,2025-11-02 19:07:37.421267,2025-11-02 19:07:37.421268
431,Poor Into,SKU00431,Cause,176.32,285,22,19,4,2025-11-02 19:07:37.421314,2025-11-02 19:07:37.421314
432,Market Good,SKU00432,Themselves,70.6,319,37,45,16,2025-11-02 19:07:37.421360,2025-11-02 19:07:37.421360
433,Young Analysis,SKU00433,Financial,73.9,345,7,50,8,2025-11-02 19:07:37.421409,2025-11-02 19:07:37.421410
434,Available Ten,SKU00434,Serve,77.46,126,38,17,4,2025-11-02 19:07:37.421457,2025-11-02 19:07:37.421457
435,Guess Compare,SKU00435,Themselves,255.52,88,8,54,14,2025-11-02 19:07:37.421503,2025-11-02 19:07:37.421504
436,Blood Standard,SKU00436,Clearly,483.08,105,32,22,16,2025-11-02 19:07:37.421549,2025-11-02 19:07:37.421550
437,Worry Drug,SKU00437,Eat,438.67,486,10,41,13,2025-11-02 19:07:37.421595,2025-11-02 19:07:37.421596
438,Though We,SKU00438,Do,311.7,69,27,92,7,2025-11-02 19:07:37.421647,2025-11-02 19:07:37.421647
439,Scene Dinner,SKU00439,Modern,391.48,275,29,11,13,2025-11-02 19:07:37.421703,2025-11-02 19:07:37.421704
440,Close Less,SKU00440,Debate,378.36,424,19,82,11,2025-11-02 19:07:37.421753,2025-11-02 19:07:37.421754
441,Ground Three,SKU00441,Others,75.41,338,32,71,16,2025-11-02 19:07:37.421800,2025-11-02 19:07:37.421800
442,Pattern East,SKU00442,Hair,55.02,89,20,13,6,2025-11-02 19:07:37.421845,2025-11-02 19:07:37.421846
443,Defense Seat,SKU00443,Rise,498.36,282,41,61,6,2025-11-02 19:07:37.421891,2025-11-02 19:07:37.421892
444,His Create,SKU00444,Cold,265.89,240,41,72,5,2025-11-02 19:07:37.421937,2025-11-02 19:07:37.421938
445,Family Small,SKU00445,You,187.04,101,26,23,9,2025-11-02 19:07:37.421983,2025-11-02 19:07:37.421984
446,Everyone Total,SKU00446,Store,368.14,95,9,64,4,2025-11-02 19:07:37.422029,2025-11-02 19:07:37.422030
447,Easy Future,SKU00447,Far,71.23,414,42,88,12,2025-11-02 19:07:37.422075,2025-11-02 19:07:37.422075
448,Box Each,SKU00448,Ever,342.08,385,43,14,3,2025-11-02 19:07:37.422126,2025-11-02 19:07:37.422126
449,Maybe Write,SKU00449,Necessary,165.13,483,49,94,7,2025-11-02 19:07:37.422174,2025-11-02 19:07:37.422174
450,Between Brother,SKU00450,Measure,479.99,173,21,69,13,2025-11-02 19:07:37.422223,2025-11-02 19:07:37.422224
451,Community Consumer,SKU00451,Power,229.92,317,30,77,4,2025-11-02 19:07:37.422269,2025-11-02 19:07:37.422270
452,Quality Citizen,SKU00452,Its,165.71,261,22,61,8,2025-11-02 19:07:37.422316,2025-11-02 19:07:37.422316
453,Around Long,SKU00453,Police,199.23,51,17,73,19,2025-11-02 19:07:37.422364,2025-11-02 19:07:37.422365
454,Plan Usually,SKU00454,All,331.05,434,5,11,18,2025-11-02 19:07:37.422410,2025-11-02 19:07:37.422411
455,Leader Yet,SKU00455,Specific,131.06,19,44,30,13,2025-11-02 19:07:37.422456,2025-11-02 19:07:37.422457
456,Agree Conference,SKU00456,Financial,250.25,273,26,81,19,2025-11-02 19:07:37.422502,2025-11-02 19:07:37.422503
457,Change Dinner,SKU00457,Professional,308.9,453,27,97,15,2025-11-02 19:07:37.422548,2025-11-02 19:07:37.422549
458,Quality Soldier,SKU00458,Build,79.33,425,48,74,7,2025-11-02 19:07:37.422596,2025-11-02 19:07:37.422597
459,Cover Piece,SKU00459,Process,28.68,209,27,52,3,2025-11-02 19:07:37.422642,2025-11-02 19:07:37.422642
460,Wide Manage,SKU00460,Smile,40.68,417,39,33,19,2025-11-02 19:07:37.422706,2025-11-02 19:07:37.422706
461,Too World,SKU00461,Threat,478.47,286,44,67,16,2025-11-02 19:07:37.422753,2025-11-02 19:07:37.422754
462,Easy Respond,SKU00462,Cause,495.84,445,19,92,9,2025-11-02 19:07:37.422800,2025-11-02 19:07:37.422800
463,Yet Here,SKU00463,Research,393.0,60,47,67,7,2025-11-02 19:07:37.422846,2025-11-02 19:07:37.422846
464,See Defense,SKU00464,Hour,277.06,361,12,73,12,2025-11-02 19:07:37.422892,2025-11-02 19:07:37.422892
465,Blue Skin,SKU00465,Despite,15.37,489,32,90,10,2025-11-02 19:07:37.422938,2025-11-02 19:07:37.422939
466,Establish Drop,SKU00466,Cut,385.77,418,13,75,17,2025-11-02 19:07:37.422984,2025-11-02 19:07:37.422984
467,Sort Dog,SKU00467,Pm,106.82,58,40,77,16,2025-11-02 19:07:37.423030,2025-11-02 19:07:37.423030
468,Animal Find,SKU00468,Great,39.28,226,14,30,6,2025-11-02 19:07:37.423075,2025-11-02 19:07:37.423076
469,Television Say,SKU00469,I,149.95,497,6,22,18,2025-11-02 19:07:37.423129,2025-11-02 19:07:37.423129
470,Number Police,SKU00470,Rest,406.83,389,38,20,12,2025-11-02 19:07:37.423180,2025-11-02 19:07:37.423181
471,Production Girl,SKU00471,Food,172.44,433,22,64,11,2025-11-02 19:07:37.423226,2025-11-02 19:07:37.423226
472,Old Fill,SKU00472,By,189.22,324,18,98,14,2025-11-02 19:07:37.423275,2025-11-02 19:07:37.423275
473,Him Prepare,SKU00473,Computer,102.75,183,25,41,9,2025-11-02 19:07:37.423324,2025-11-02 19:07:37.423324
474,Rich Voice,SKU00474,Old,424.02,242,22,30,15,2025-11-02 19:07:37.423370,2025-11-02 19:07:37.423370
475,Other Responsibility,SKU00475,Both,114.43,135,12,55,10,2025-11-02 19:07:37.423415,2025-11-02 19:07:37.423416
476,Fall Because,SKU00476,Near,281.12,160,48,84,13,2025-11-02 19:07:37.423461,2025-11-02 19:07:37.423462
477,Identify Wonder,SKU00477,Beyond,138.32,357,33,22,4,2025-11-02 19:07:37.423507,2025-11-02 19:07:37.423507
478,Resource Vote,SKU00478,Newspaper,70.21,472,31,59,17,2025-11-02 19:07:37.423553,2025-11-02 19:07:37.423553
479,Change Grow,SKU00479,Image,255.4,97,48,86,13,2025-11-02 19:07:37.423599,2025-11-02 19:07:37.423600
480,Your Represent,SKU00480,Property,380.3,362,7,72,9,2025-11-02 19:07:37.423648,2025-11-02 19:07:37.423648
481,Feeling Exist,SKU00481,Almost,290.7,290,41,17,12,2025-11-02 19:07:37.423702,2025-11-02 19:07:37.423702
482,Fill Final,SKU00482,Than,281.23,81,5,14,5,2025-11-02 19:07:37.423748,2025-11-02 19:07:37.423749
483,Professional Stay,SKU00483,Exist,495.95,113,39,73,12,2025-11-02 19:07:37.423794,2025-11-02 19:07:37.423795
484,Reality Task,SKU00484,Pick,330.49,482,14,30,16,2025-11-02 19:07:37.423840,2025-11-02 19:07:37.423840
485,Group Of,SKU00485,Project,309.91,420,6,50,18,2025-11-02 19:07:37.423886,2025-11-02 19:07:37.423886
486,Your My,SKU00486,Here,392.98,429,26,99,14,2025-11-02 19:07:37.423931,2025-11-02 19:07:37.423932
487,Program Recognize,SKU00487,True,374.14,23,38,62,13,2025-11-02 19:07:37.423978,2025-11-02 19:07:37.423978
488,Keep Learn,SKU00488,Pretty,379.35,232,10,65,7,2025-11-02 19:07:37.424023,2025-11-02 19:07:37.424024
489,Record Kitchen,SKU00489,Fine,66.73,120,8,29,12,2025-11-02 19:07:37.424069,2025-11-02 19:07:37.424069
490,Set Challenge,SKU00490,Serious,443.67,236,30,46,8,2025-11-02 19:07:37.424117,2025-11-02 19:07:37.424118
491,Pick Lot,SKU00491,Everybody,209.25,497,43,30,12,2025-11-02 19:07:37.424169,2025-11-02 19:07:37.424170
492,Clearly Trip,SKU00492,Local,311.7,269,49,29,19,2025-11-02 19:07:37.424215,2025-11-02 19:07:37.424216
493,Seem Any,SKU00493,War,296.16,13,33,23,5,2025-11-02 19:07:37.424264,2025-11-02 19:07:37.424265
494,Occur Yard,SKU00494,None,37.1,345,8,33,4,2025-11-02 19:07:37.424311,2025-11-02 19:07:37.424311
495,Base Huge,SKU00495,Officer,301.69,412,35,69,19,2025-11-02 19:07:37.424357,2025-11-02 19:07:37.424357
496,This Character,SKU00496,Will,320.06,220,26,33,15,2025-11-02 19:07:37.424403,2025-11-02 19:07:37.424403
497,Attorney Mother,SKU00497,Every,374.23,323,42,40,6,2025-11-02 19:07:37.424449,2025-11-02 19:07:37.424449
498,He Event,SKU00498,Behavior,261.05,441,49,64,19,2025-11-02 19:07:37.424495,2025-11-02 19:07:37.424495
499,Include House,SKU00499,Reveal,219.84,155,32,56,13,2025-11-02 19:07:37.424541,2025-11-02 19:07:37.424541
500,Owner Course,SKU00500,Trade,368.14,127,49,42,19,2025-11-02 19:07:37.424590,2025-11-02 19:07:37.424590
